<?xml version="1.0" encoding="UTF-8"?><idempiere Name="GenerateTaxDeclareFeature" Version="2.2.7" idempiereVersion="" DataBaseVersion="" Description="" Author="" AuthorEmail="jcolmenarez@frontuari.net" CreatedDate="2020-08-13 12:38:53.373" UpdatedDate="2020-08-13 12:38:53.373" PackOutVersion="100" UpdateDictionary="false" Client="0-SYSTEM-System" AD_Client_UU="11237b53-9592-4af1-b3c5-afd216514b5d">
    <AD_Process type="table">
        <AD_Client_ID>0</AD_Client_ID>
        <AD_Org_ID>0</AD_Org_ID>
        <IsActive>Y</IsActive>
        <Name>Generate Tax Return</Name>
        <Description>Generate Tax Return</Description>
        <Help>Generate Tax Return</Help>
        <ProcedureName/>
        <IsReport>N</IsReport>
        <Value>prc_GenerateTaxReturn</Value>
        <IsDirectPrint>N</IsDirectPrint>
        <AD_ReportView_ID reference="id"/>
        <Classname>ve.net.dcs.process.FTU_GenerateTaxReturn</Classname>
        <AccessLevel>3</AccessLevel>
        <EntityType>FTU</EntityType>
        <Statistic_Count>11</Statistic_Count>
        <Statistic_Seconds>670</Statistic_Seconds>
        <AD_PrintFormat_ID reference="id"/>
        <WorkflowValue/>
        <AD_Workflow_ID reference="id"/>
        <IsBetaFunctionality>N</IsBetaFunctionality>
        <IsServerProcess>N</IsServerProcess>
        <ShowHelp>Y</ShowHelp>
        <JasperReport/>
        <AD_Form_ID reference="id"/>
        <CopyFromProcess>N</CopyFromProcess>
        <AD_Process_UU>f6582b6d-511d-43b7-abc3-a27dcb9ce68a</AD_Process_UU>
        <AD_CtxHelp_ID reference="id"/>
        <ExecutionType/>
        <AllowMultipleExecution>P</AllowMultipleExecution>
        <AD_Process_Trl type="translation">
            <Description>Generar Declaración de Impuestos</Description>
            <Help>Generar Declaración de Impuestos</Help>
            <Name>Generar Declaración de Impuestos</Name>
            <AD_Language>es_CO</AD_Language>
            <IsActive>Y</IsActive>
            <IsTranslated>N</IsTranslated>
        </AD_Process_Trl>
        <AD_Element type="table">
            <AD_Client_ID>0</AD_Client_ID>
            <AD_Org_ID>0</AD_Org_ID>
            <IsActive>Y</IsActive>
            <ColumnName>LCO_WithholdingType_ID</ColumnName>
            <Name>Withholding Type</Name>
            <Description/>
            <Help/>
            <PrintName>Withholding Type</PrintName>
            <PO_Description/>
            <PO_Help/>
            <PO_Name/>
            <PO_PrintName/>
            <EntityType>QSS_LCO</EntityType>
            <AD_Element_UU>a5bcdc79-6e3e-470a-9e9c-2947e64ca9f2</AD_Element_UU>
            <Placeholder/>
            <AD_Element_Trl type="translation">
                <Description/>
                <Help/>
                <Name>Tipo Retención</Name>
                <Placeholder/>
                <PO_Description/>
                <PO_Help/>
                <PO_Name/>
                <PO_PrintName/>
                <PrintName>Tipo Retención</PrintName>
                <AD_Language>es_CO</AD_Language>
                <IsActive>Y</IsActive>
                <IsTranslated>Y</IsTranslated>
            </AD_Element_Trl>
        </AD_Element>
        <AD_Process_Para type="table">
            <AD_Client_ID>0</AD_Client_ID>
            <AD_Org_ID>0</AD_Org_ID>
            <IsActive>Y</IsActive>
            <Name>Withholding Type</Name>
            <Description/>
            <Help/>
            <AD_Process_ID reference="uuid" reference-key="AD_Process">f6582b6d-511d-43b7-abc3-a27dcb9ce68a</AD_Process_ID>
            <SeqNo>10</SeqNo>
            <AD_Reference_ID reference="id">19</AD_Reference_ID>
            <AD_Reference_Value_ID reference="id"/>
            <IsRange>N</IsRange>
            <AD_Val_Rule_ID reference="id"/>
            <FieldLength>0</FieldLength>
            <IsMandatory>Y</IsMandatory>
            <DefaultValue/>
            <VFormat/>
            <ValueMin/>
            <ValueMax/>
            <ColumnName>LCO_WithholdingType_ID</ColumnName>
            <DefaultValue2/>
            <IsCentrallyMaintained>Y</IsCentrallyMaintained>
            <EntityType>FTU</EntityType>
            <AD_Element_ID reference="uuid" reference-key="AD_Element">a5bcdc79-6e3e-470a-9e9c-2947e64ca9f2</AD_Element_ID>
            <ReadOnlyLogic/>
            <DisplayLogic/>
            <AD_Process_Para_UU>73f70d02-0eb9-4ab6-ab79-c48b39437a05</AD_Process_Para_UU>
            <IsEncrypted>N</IsEncrypted>
            <MandatoryLogic/>
            <Placeholder/>
            <Placeholder2/>
            <AD_Process_Para_Trl type="translation">
                <Description/>
                <Help/>
                <Name>Tipo Retención</Name>
                <Placeholder/>
                <Placeholder2/>
                <AD_Language>es_CO</AD_Language>
                <IsActive>Y</IsActive>
                <IsTranslated>Y</IsTranslated>
            </AD_Process_Para_Trl>
        </AD_Process_Para>
        <AD_Process_Para type="table">
            <AD_Client_ID>0</AD_Client_ID>
            <AD_Org_ID>0</AD_Org_ID>
            <IsActive>Y</IsActive>
            <Name>Document Date</Name>
            <Description>Date of the Document</Description>
            <Help>The Document Date indicates the date the document was generated.  It may or may not be the same as the accounting date.</Help>
            <AD_Process_ID reference="uuid" reference-key="AD_Process">f6582b6d-511d-43b7-abc3-a27dcb9ce68a</AD_Process_ID>
            <SeqNo>20</SeqNo>
            <AD_Reference_ID reference="id">15</AD_Reference_ID>
            <AD_Reference_Value_ID reference="id"/>
            <IsRange>N</IsRange>
            <AD_Val_Rule_ID reference="id"/>
            <FieldLength>22</FieldLength>
            <IsMandatory>Y</IsMandatory>
            <DefaultValue/>
            <VFormat/>
            <ValueMin/>
            <ValueMax/>
            <ColumnName>DateDoc</ColumnName>
            <DefaultValue2/>
            <IsCentrallyMaintained>Y</IsCentrallyMaintained>
            <EntityType>FTU</EntityType>
            <AD_Element_ID reference="id">265</AD_Element_ID>
            <ReadOnlyLogic/>
            <DisplayLogic/>
            <AD_Process_Para_UU>87b8d69a-46ac-46e3-ab9e-34a82adb1dd3</AD_Process_Para_UU>
            <IsEncrypted>N</IsEncrypted>
            <MandatoryLogic/>
            <Placeholder/>
            <Placeholder2/>
            <AD_Process_Para_Trl type="translation">
                <Description>Fecha del documento</Description>
                <Help>La fecha del documento indica la fecha en que el documento fue generado. Puede o no ser la misma que la fecha contable.</Help>
                <Name>Fecha Documento</Name>
                <Placeholder/>
                <Placeholder2/>
                <AD_Language>es_CO</AD_Language>
                <IsActive>Y</IsActive>
                <IsTranslated>Y</IsTranslated>
            </AD_Process_Para_Trl>
        </AD_Process_Para>
        <AD_Process_Para type="table">
            <AD_Client_ID>0</AD_Client_ID>
            <AD_Org_ID>0</AD_Org_ID>
            <IsActive>Y</IsActive>
            <Name>Date From</Name>
            <Description>Starting date for a range</Description>
            <Help>The Date From indicates the starting date of a range.</Help>
            <AD_Process_ID reference="uuid" reference-key="AD_Process">f6582b6d-511d-43b7-abc3-a27dcb9ce68a</AD_Process_ID>
            <SeqNo>30</SeqNo>
            <AD_Reference_ID reference="id">15</AD_Reference_ID>
            <AD_Reference_Value_ID reference="id"/>
            <IsRange>Y</IsRange>
            <AD_Val_Rule_ID reference="id"/>
            <FieldLength>22</FieldLength>
            <IsMandatory>Y</IsMandatory>
            <DefaultValue/>
            <VFormat/>
            <ValueMin/>
            <ValueMax/>
            <ColumnName>DateFrom</ColumnName>
            <DefaultValue2/>
            <IsCentrallyMaintained>Y</IsCentrallyMaintained>
            <EntityType>FTU</EntityType>
            <AD_Element_ID reference="id">1581</AD_Element_ID>
            <ReadOnlyLogic/>
            <DisplayLogic/>
            <AD_Process_Para_UU>8c7f2995-2eb5-4fae-84d3-ad0ff4e807d2</AD_Process_Para_UU>
            <IsEncrypted>N</IsEncrypted>
            <MandatoryLogic/>
            <Placeholder/>
            <Placeholder2/>
            <AD_Process_Para_Trl type="translation">
                <Description>Fecha de inicio para un rango</Description>
                <Help>La Fecha desde indica la fecha inicial de un rango</Help>
                <Name>Desde Fecha</Name>
                <Placeholder/>
                <Placeholder2/>
                <AD_Language>es_CO</AD_Language>
                <IsActive>Y</IsActive>
                <IsTranslated>Y</IsTranslated>
            </AD_Process_Para_Trl>
        </AD_Process_Para>
        <AD_Process_Para type="table">
            <AD_Client_ID>0</AD_Client_ID>
            <AD_Org_ID>0</AD_Org_ID>
            <IsActive>Y</IsActive>
            <Name>Organization</Name>
            <Description>Organizational entity within client</Description>
            <Help>An organization is a unit of your client or legal entity - examples are store, department. You can share data between organizations.</Help>
            <AD_Process_ID reference="uuid" reference-key="AD_Process">f6582b6d-511d-43b7-abc3-a27dcb9ce68a</AD_Process_ID>
            <SeqNo>5</SeqNo>
            <AD_Reference_ID reference="id">19</AD_Reference_ID>
            <AD_Reference_Value_ID reference="id"/>
            <IsRange>N</IsRange>
            <AD_Val_Rule_ID reference="id"/>
            <FieldLength>0</FieldLength>
            <IsMandatory>Y</IsMandatory>
            <DefaultValue/>
            <VFormat/>
            <ValueMin/>
            <ValueMax/>
            <ColumnName>AD_Org_ID</ColumnName>
            <DefaultValue2/>
            <IsCentrallyMaintained>Y</IsCentrallyMaintained>
            <EntityType>FTU</EntityType>
            <AD_Element_ID reference="id">113</AD_Element_ID>
            <ReadOnlyLogic/>
            <DisplayLogic/>
            <AD_Process_Para_UU>5e331583-4743-4665-ae7c-5fa1a7f574fa</AD_Process_Para_UU>
            <IsEncrypted>N</IsEncrypted>
            <MandatoryLogic/>
            <Placeholder/>
            <Placeholder2/>
            <AD_Process_Para_Trl type="translation">
                <Description>Entidad organizacional dentro del grupo empresarial</Description>
                <Help>Una organización es una unidad del grupo empresarial o entidad legal - Ej. Tiendas y departamentos. Es posible compartir datos entre organizaciones.</Help>
                <Name>Organización</Name>
                <Placeholder/>
                <Placeholder2/>
                <AD_Language>es_CO</AD_Language>
                <IsActive>Y</IsActive>
                <IsTranslated>Y</IsTranslated>
            </AD_Process_Para_Trl>
        </AD_Process_Para>
        <AD_Process_Para type="table">
            <AD_Client_ID>0</AD_Client_ID>
            <AD_Org_ID>0</AD_Org_ID>
            <IsActive>Y</IsActive>
            <Name>Document Action</Name>
            <Description>The targeted status of the document</Description>
            <Help>You find the current status in the Document Status field. The options are listed in a popup</Help>
            <AD_Process_ID reference="uuid" reference-key="AD_Process">f6582b6d-511d-43b7-abc3-a27dcb9ce68a</AD_Process_ID>
            <SeqNo>60</SeqNo>
            <AD_Reference_ID reference="id">17</AD_Reference_ID>
            <AD_Reference_Value_ID reference="id">135</AD_Reference_Value_ID>
            <IsRange>N</IsRange>
            <AD_Val_Rule_ID reference="id"/>
            <FieldLength>0</FieldLength>
            <IsMandatory>N</IsMandatory>
            <DefaultValue/>
            <VFormat/>
            <ValueMin/>
            <ValueMax/>
            <ColumnName>DocAction</ColumnName>
            <DefaultValue2/>
            <IsCentrallyMaintained>Y</IsCentrallyMaintained>
            <EntityType>FTU</EntityType>
            <AD_Element_ID reference="id">287</AD_Element_ID>
            <ReadOnlyLogic/>
            <DisplayLogic/>
            <AD_Process_Para_UU>cad4fa46-3278-4416-9147-bba8a80b7c6e</AD_Process_Para_UU>
            <IsEncrypted>N</IsEncrypted>
            <MandatoryLogic/>
            <Placeholder/>
            <Placeholder2/>
            <AD_Process_Para_Trl type="translation">
                <Description>El estado destino del documento</Description>
                <Help>Usted encuentra el estado actual en el campo Estado del Documento. Las opciones son listadas en una ventana emergente</Help>
                <Name>Acción</Name>
                <Placeholder/>
                <Placeholder2/>
                <AD_Language>es_CO</AD_Language>
                <IsActive>Y</IsActive>
                <IsTranslated>Y</IsTranslated>
            </AD_Process_Para_Trl>
        </AD_Process_Para>
        <AD_Process_Para type="table">
            <AD_Client_ID>0</AD_Client_ID>
            <AD_Org_ID>0</AD_Org_ID>
            <IsActive>Y</IsActive>
            <Name>Currency Type</Name>
            <Description>Currency Conversion Rate Type</Description>
            <Help>The Currency Conversion Rate Type lets you define different type of rates, e.g. Spot, Corporate and/or Sell/Buy rates.</Help>
            <AD_Process_ID reference="uuid" reference-key="AD_Process">f6582b6d-511d-43b7-abc3-a27dcb9ce68a</AD_Process_ID>
            <SeqNo>50</SeqNo>
            <AD_Reference_ID reference="id">19</AD_Reference_ID>
            <AD_Reference_Value_ID reference="id"/>
            <IsRange>N</IsRange>
            <AD_Val_Rule_ID reference="id"/>
            <FieldLength>0</FieldLength>
            <IsMandatory>N</IsMandatory>
            <DefaultValue/>
            <VFormat/>
            <ValueMin/>
            <ValueMax/>
            <ColumnName>C_ConversionType_ID</ColumnName>
            <DefaultValue2/>
            <IsCentrallyMaintained>Y</IsCentrallyMaintained>
            <EntityType>FTU</EntityType>
            <AD_Element_ID reference="id">2278</AD_Element_ID>
            <ReadOnlyLogic/>
            <DisplayLogic>@C_Currency_ID@!@$C_Currency_ID@</DisplayLogic>
            <AD_Process_Para_UU>59051325-c84a-40df-a62e-a650a96c05bd</AD_Process_Para_UU>
            <IsEncrypted>N</IsEncrypted>
            <MandatoryLogic>@C_Currency_ID@!@$C_Currency_ID@</MandatoryLogic>
            <Placeholder/>
            <Placeholder2/>
            <AD_Process_Para_Trl type="translation">
                <Description>Tipo de índice de conversión de moneda</Description>
                <Help>El tipo del índice de conversión de monedas le deja definir diversos tipos de tarifas, tarifas ej. del punto, corporativas y/o de Ventas/Compras.</Help>
                <Name>Tipo de Conversión</Name>
                <Placeholder/>
                <Placeholder2/>
                <AD_Language>es_CO</AD_Language>
                <IsActive>Y</IsActive>
                <IsTranslated>Y</IsTranslated>
            </AD_Process_Para_Trl>
        </AD_Process_Para>
        <AD_Process_Para type="table">
            <AD_Client_ID>0</AD_Client_ID>
            <AD_Org_ID>0</AD_Org_ID>
            <IsActive>Y</IsActive>
            <Name>Currency</Name>
            <Description>The Currency for this record</Description>
            <Help>Indicates the Currency to be used when processing or reporting on this record</Help>
            <AD_Process_ID reference="uuid" reference-key="AD_Process">f6582b6d-511d-43b7-abc3-a27dcb9ce68a</AD_Process_ID>
            <SeqNo>40</SeqNo>
            <AD_Reference_ID reference="id">18</AD_Reference_ID>
            <AD_Reference_Value_ID reference="id"/>
            <IsRange>N</IsRange>
            <AD_Val_Rule_ID reference="id"/>
            <FieldLength>0</FieldLength>
            <IsMandatory>Y</IsMandatory>
            <DefaultValue>@$C_Currency_ID@</DefaultValue>
            <VFormat/>
            <ValueMin/>
            <ValueMax/>
            <ColumnName>C_Currency_ID</ColumnName>
            <DefaultValue2/>
            <IsCentrallyMaintained>Y</IsCentrallyMaintained>
            <EntityType>FTU</EntityType>
            <AD_Element_ID reference="id">193</AD_Element_ID>
            <ReadOnlyLogic/>
            <DisplayLogic/>
            <AD_Process_Para_UU>4c3fa628-bac1-4a24-866e-993ba488d0cd</AD_Process_Para_UU>
            <IsEncrypted>N</IsEncrypted>
            <MandatoryLogic/>
            <Placeholder/>
            <Placeholder2/>
            <AD_Process_Para_Trl type="translation">
                <Description>Moneda para este registro</Description>
                <Help>Indica la moneda a ser usada cuando se procese o Informe este registro</Help>
                <Name>Moneda</Name>
                <Placeholder/>
                <Placeholder2/>
                <AD_Language>es_CO</AD_Language>
                <IsActive>Y</IsActive>
                <IsTranslated>Y</IsTranslated>
            </AD_Process_Para_Trl>
        </AD_Process_Para>
    </AD_Process>
</idempiere>
