<?xml version="1.0" encoding="UTF-8"?><idempiere Name="org.globalqss.idempiere.LCO.Withholding_2.3.0" Version="2.3.0" idempiereVersion="" DataBaseVersion="" Description="" Author="" AuthorEmail="" CreatedDate="2020-09-12 12:49:21.011" UpdatedDate="2020-09-12 12:50:21.88" PackOutVersion="100" UpdateDictionary="false" Client="0-SYSTEM-System" AD_Client_UU="11237b53-9592-4af1-b3c5-afd216514b5d">
    <SQLStatement type="custom">
        <DBType>ALL</DBType>
        <statement>
            <![CDATA[CREATE OR REPLACE VIEW adempiere.ftu_withholdingvouchersrc
AS SELECT inv.c_invoice_id AS ftu_withholdingvouchersrc_id,
    wt.lco_withholdingtype_id,
    inv.ad_org_id,
    inv.c_bpartner_id,
    inv.c_invoice_id,
    inv.dateacct,
    inv.openamt,
    inv.grandtotal,
    inv.c_currency_id,
    inv.ad_client_id,
    'Y'::text AS isactive
   FROM lco_withholdingtype wt
     JOIN ad_org o ON 1 = 1
     JOIN ( SELECT DISTINCT i.ad_client_id,
            i.ad_org_id,
            i.c_bpartner_id,
            i.c_invoice_id,
            i.dateacct,
            i.c_currency_id,
            i.grandtotal,
            invoiceopen(i.c_invoice_id, 0::numeric) AS openamt,
            'IVA'::text AS wtype
           FROM c_invoice i
             JOIN c_doctype cd ON cd.c_doctype_id = i.c_doctype_id
          WHERE NOT (EXISTS ( SELECT 1
                   FROM lco_invoicewithholding iw
                     JOIN lve_voucherwithholding vo ON iw.lve_voucherwithholding_id = vo.lve_voucherwithholding_id
                  WHERE iw.c_invoice_id = i.c_invoice_id AND (vo.docstatus::text = ANY (ARRAY['CO'::character varying, 'CL'::character varying]::text[])) AND (iw.lco_withholdingtype_id IN ( SELECT lco_withholdingtype.lco_withholdingtype_id
                           FROM lco_withholdingtype
                          WHERE lco_withholdingtype.type::text = 'IVA'::text)))) AND cd.generatewithholding = 'Y'::bpchar AND i.ispaid = 'N'::bpchar
        UNION
         SELECT DISTINCT i.ad_client_id,
            i.ad_org_id,
            i.c_bpartner_id,
            i.c_invoice_id,
            i.dateacct,
            i.c_currency_id,
            i.grandtotal,
            invoiceopen(i.c_invoice_id, 0::numeric) AS openamt,
            'ISLR'::text AS wtype
           FROM c_invoice i
             JOIN c_doctype cd ON cd.c_doctype_id = i.c_doctype_id
             JOIN c_invoiceline il ON i.c_invoice_id = il.c_invoice_id
             LEFT JOIN c_charge c ON il.c_charge_id = c.c_charge_id
             LEFT JOIN m_product p ON il.m_product_id = p.m_product_id
          WHERE NOT (EXISTS ( SELECT 1
                   FROM lco_invoicewithholding iw
                     JOIN lve_voucherwithholding vo ON iw.lve_voucherwithholding_id = vo.lve_voucherwithholding_id
                  WHERE iw.c_invoice_id = i.c_invoice_id AND (vo.docstatus::text = ANY (ARRAY['CO'::character varying, 'CL'::character varying]::text[])) AND (iw.lco_withholdingtype_id IN ( SELECT lco_withholdingtype.lco_withholdingtype_id
                           FROM lco_withholdingtype
                          WHERE lco_withholdingtype.type::text = 'ISLR'::text)))) AND cd.generatewithholding = 'Y'::bpchar AND i.ispaid = 'N'::bpchar AND (c.lco_withholdingcategory_id > 0::numeric OR p.lco_withholdingcategory_id > 0::numeric)
        UNION
         SELECT DISTINCT i.ad_client_id,
            i.ad_org_id,
            i.c_bpartner_id,
            i.c_invoice_id,
            i.dateacct,
            i.c_currency_id,
            i.grandtotal,
            invoiceopen(i.c_invoice_id, 0::numeric) AS openamt,
            'IAE'::text AS wtype
           FROM c_invoice i
             JOIN c_doctype cd ON cd.c_doctype_id = i.c_doctype_id
             JOIN c_bpartner bp ON bp.c_bpartner_id = i.c_bpartner_id
          WHERE NOT (EXISTS ( SELECT 1
                   FROM lco_invoicewithholding iw
                     JOIN lve_voucherwithholding vo ON iw.lve_voucherwithholding_id = vo.lve_voucherwithholding_id
                  WHERE iw.c_invoice_id = i.c_invoice_id AND (vo.docstatus::text = ANY (ARRAY['CO'::character varying, 'CL'::character varying]::text[])) AND (iw.lco_withholdingtype_id IN ( SELECT lco_withholdingtype.lco_withholdingtype_id
                           FROM lco_withholdingtype
                          WHERE lco_withholdingtype.type::text = 'IAE'::text)))) AND cd.generatewithholding = 'Y'::bpchar AND bp.lco_isic_id > 0::numeric AND i.ispaid = 'N'::bpchar) inv ON wt.type::text = inv.wtype AND o.ad_org]]>
        </statement>
    </SQLStatement>
    <AD_Table type="table">
        <AD_Client_ID>0</AD_Client_ID>
        <AD_Org_ID>0</AD_Org_ID>
        <Name>FTU_WithholdingVoucherSrc</Name>
        <Description/>
        <Help/>
        <AD_Window_ID reference="id"/>
        <AD_Val_Rule_ID reference="id"/>
        <TableName>FTU_WithholdingVoucherSrc</TableName>
        <LoadSeq>0</LoadSeq>
        <AccessLevel>3</AccessLevel>
        <IsActive>Y</IsActive>
        <IsSecurityEnabled>N</IsSecurityEnabled>
        <IsDeleteable>N</IsDeleteable>
        <IsHighVolume>N</IsHighVolume>
        <IsView>Y</IsView>
        <EntityType>FTU</EntityType>
        <ImportTable>N</ImportTable>
        <IsChangeLog>Y</IsChangeLog>
        <ReplicationType>L</ReplicationType>
        <PO_Window_ID reference="id"/>
        <CopyColumnsFromTable>N</CopyColumnsFromTable>
        <IsCentrallyMaintained>Y</IsCentrallyMaintained>
        <AD_Table_UU>4f99eb98-8933-427d-a25f-84548b8b1739</AD_Table_UU>
        <Processing>N</Processing>
        <DatabaseViewDrop>N</DatabaseViewDrop>
        <CopyComponentsFromView>N</CopyComponentsFromView>
        <AD_Element type="table">
            <AD_Client_ID>0</AD_Client_ID>
            <AD_Org_ID>0</AD_Org_ID>
            <IsActive>Y</IsActive>
            <ColumnName>FTU_WithholdingVoucherSrc_ID</ColumnName>
            <Name>FTU_WithholdingVoucherSrc</Name>
            <Description/>
            <Help/>
            <PrintName>FTU_WithholdingVoucherSrc</PrintName>
            <PO_Description/>
            <PO_Help/>
            <PO_Name/>
            <PO_PrintName/>
            <EntityType>FTU</EntityType>
            <AD_Element_UU>ed1935bc-87a8-4692-859f-ff0468111978</AD_Element_UU>
            <Placeholder/>
            <AD_Element_Trl type="translation">
                <Help/>
                <PO_Description/>
                <PO_Help/>
                <Name>FTU_WithholdingVoucherSrc</Name>
                <Description/>
                <PrintName>FTU_WithholdingVoucherSrc</PrintName>
                <PO_Name/>
                <PO_PrintName/>
                <Placeholder/>
                <AD_Language>es_CO</AD_Language>
                <IsActive>Y</IsActive>
                <IsTranslated>N</IsTranslated>
            </AD_Element_Trl>
        </AD_Element>
        <AD_Column type="table">
            <IsSyncDatabase>Y</IsSyncDatabase>
            <AD_Table_ID reference="uuid" reference-key="AD_Table">4f99eb98-8933-427d-a25f-84548b8b1739</AD_Table_ID>
            <AD_Reference_Value_ID reference="id"/>
            <AD_Client_ID>0</AD_Client_ID>
            <AD_Org_ID>0</AD_Org_ID>
            <Version>0.0</Version>
            <Name>FTU_WithholdingVoucherSrc</Name>
            <Description/>
            <Help/>
            <AD_Val_Rule_ID reference="id"/>
            <ColumnName>FTU_WithholdingVoucherSrc_ID</ColumnName>
            <DefaultValue/>
            <FieldLength>22</FieldLength>
            <IsKey>Y</IsKey>
            <IsParent>N</IsParent>
            <IsMandatory>N</IsMandatory>
            <IsTranslated>N</IsTranslated>
            <IsIdentifier>N</IsIdentifier>
            <SeqNo/>
            <IsEncrypted>N</IsEncrypted>
            <AD_Reference_ID reference="id">13</AD_Reference_ID>
            <IsActive>Y</IsActive>
            <VFormat/>
            <Callout/>
            <AD_Element_ID reference="uuid" reference-key="AD_Element">ed1935bc-87a8-4692-859f-ff0468111978</AD_Element_ID>
            <IsUpdateable>N</IsUpdateable>
            <AD_Process_ID reference="id"/>
            <ValueMin/>
            <ValueMax/>
            <IsSelectionColumn>N</IsSelectionColumn>
            <ReadOnlyLogic/>
            <EntityType>FTU</EntityType>
            <IsAlwaysUpdateable>N</IsAlwaysUpdateable>
            <ColumnSQL/>
            <MandatoryLogic/>
            <IsAutocomplete>N</IsAutocomplete>
            <IsAllowLogging>Y</IsAllowLogging>
            <FormatPattern/>
            <AD_Chart_ID reference="id"/>
            <AD_Column_UU>8a83a98e-c146-45b9-b58e-7bc1fc6ebcc2</AD_Column_UU>
            <IsAllowCopy>N</IsAllowCopy>
            <SeqNoSelection/>
            <IsToolbarButton>N</IsToolbarButton>
            <IsSecure>N</IsSecure>
            <FKConstraintName/>
            <FKConstraintType>N</FKConstraintType>
            <PA_DashboardContent_ID reference="id"/>
            <Placeholder/>
            <IsHtml>N</IsHtml>
        </AD_Column>
        <AD_Column type="table">
            <IsSyncDatabase>Y</IsSyncDatabase>
            <AD_Table_ID reference="uuid" reference-key="AD_Table">4f99eb98-8933-427d-a25f-84548b8b1739</AD_Table_ID>
            <AD_Reference_Value_ID reference="id"/>
            <AD_Client_ID>0</AD_Client_ID>
            <AD_Org_ID>0</AD_Org_ID>
            <Version>0.0</Version>
            <Name>Withholding Type</Name>
            <Description/>
            <Help/>
            <AD_Val_Rule_ID reference="id"/>
            <ColumnName>LCO_WithholdingType_ID</ColumnName>
            <DefaultValue/>
            <FieldLength>10</FieldLength>
            <IsKey>N</IsKey>
            <IsParent>N</IsParent>
            <IsMandatory>N</IsMandatory>
            <IsTranslated>N</IsTranslated>
            <IsIdentifier>N</IsIdentifier>
            <SeqNo/>
            <IsEncrypted>N</IsEncrypted>
            <AD_Reference_ID reference="id">19</AD_Reference_ID>
            <IsActive>Y</IsActive>
            <VFormat/>
            <Callout/>
            <AD_Element_ID reference="uuid" reference-key="AD_Element">a5bcdc79-6e3e-470a-9e9c-2947e64ca9f2</AD_Element_ID>
            <IsUpdateable>N</IsUpdateable>
            <AD_Process_ID reference="id"/>
            <ValueMin/>
            <ValueMax/>
            <IsSelectionColumn>N</IsSelectionColumn>
            <ReadOnlyLogic/>
            <EntityType>FTU</EntityType>
            <IsAlwaysUpdateable>N</IsAlwaysUpdateable>
            <ColumnSQL/>
            <MandatoryLogic/>
            <IsAutocomplete>N</IsAutocomplete>
            <IsAllowLogging>Y</IsAllowLogging>
            <FormatPattern/>
            <AD_Chart_ID reference="id"/>
            <AD_Column_UU>5e1738c3-5eb7-42f9-9b2b-35bc2738615d</AD_Column_UU>
            <IsAllowCopy>Y</IsAllowCopy>
            <SeqNoSelection/>
            <IsToolbarButton>N</IsToolbarButton>
            <IsSecure>N</IsSecure>
            <FKConstraintName/>
            <FKConstraintType>N</FKConstraintType>
            <PA_DashboardContent_ID reference="id"/>
            <Placeholder/>
            <IsHtml>N</IsHtml>
        </AD_Column>
        <AD_Column type="table">
            <IsSyncDatabase>Y</IsSyncDatabase>
            <AD_Table_ID reference="uuid" reference-key="AD_Table">4f99eb98-8933-427d-a25f-84548b8b1739</AD_Table_ID>
            <AD_Reference_Value_ID reference="id"/>
            <AD_Client_ID>0</AD_Client_ID>
            <AD_Org_ID>0</AD_Org_ID>
            <Version>0.0</Version>
            <Name>Organization</Name>
            <Description>Organizational entity within client</Description>
            <Help>An organization is a unit of your client or legal entity - examples are store, department. You can share data between organizations.</Help>
            <AD_Val_Rule_ID reference="id">104</AD_Val_Rule_ID>
            <ColumnName>AD_Org_ID</ColumnName>
            <DefaultValue>@#AD_Org_ID@</DefaultValue>
            <FieldLength>10</FieldLength>
            <IsKey>N</IsKey>
            <IsParent>N</IsParent>
            <IsMandatory>N</IsMandatory>
            <IsTranslated>N</IsTranslated>
            <IsIdentifier>N</IsIdentifier>
            <SeqNo/>
            <IsEncrypted>N</IsEncrypted>
            <AD_Reference_ID reference="id">19</AD_Reference_ID>
            <IsActive>Y</IsActive>
            <VFormat/>
            <Callout/>
            <AD_Element_ID reference="id">113</AD_Element_ID>
            <IsUpdateable>N</IsUpdateable>
            <AD_Process_ID reference="id"/>
            <ValueMin/>
            <ValueMax/>
            <IsSelectionColumn>N</IsSelectionColumn>
            <ReadOnlyLogic/>
            <EntityType>FTU</EntityType>
            <IsAlwaysUpdateable>N</IsAlwaysUpdateable>
            <ColumnSQL/>
            <MandatoryLogic/>
            <IsAutocomplete>N</IsAutocomplete>
            <IsAllowLogging>Y</IsAllowLogging>
            <FormatPattern/>
            <AD_Chart_ID reference="id"/>
            <AD_Column_UU>553abda2-778f-4e39-93c8-7b43757f554e</AD_Column_UU>
            <IsAllowCopy>Y</IsAllowCopy>
            <SeqNoSelection/>
            <IsToolbarButton>N</IsToolbarButton>
            <IsSecure>N</IsSecure>
            <FKConstraintName/>
            <FKConstraintType>D</FKConstraintType>
            <PA_DashboardContent_ID reference="id"/>
            <Placeholder/>
            <IsHtml>N</IsHtml>
        </AD_Column>
        <AD_Column type="table">
            <IsSyncDatabase>Y</IsSyncDatabase>
            <AD_Table_ID reference="uuid" reference-key="AD_Table">4f99eb98-8933-427d-a25f-84548b8b1739</AD_Table_ID>
            <AD_Reference_Value_ID reference="id"/>
            <AD_Client_ID>0</AD_Client_ID>
            <AD_Org_ID>0</AD_Org_ID>
            <Version>0.0</Version>
            <Name>Business Partner </Name>
            <Description>Identifies a Business Partner</Description>
            <Help>A Business Partner is anyone with whom you transact.  This can include Vendor, Customer, Employee or Salesperson</Help>
            <AD_Val_Rule_ID reference="id"/>
            <ColumnName>C_BPartner_ID</ColumnName>
            <DefaultValue/>
            <FieldLength>10</FieldLength>
            <IsKey>N</IsKey>
            <IsParent>N</IsParent>
            <IsMandatory>N</IsMandatory>
            <IsTranslated>N</IsTranslated>
            <IsIdentifier>N</IsIdentifier>
            <SeqNo/>
            <IsEncrypted>N</IsEncrypted>
            <AD_Reference_ID reference="id">30</AD_Reference_ID>
            <IsActive>Y</IsActive>
            <VFormat/>
            <Callout/>
            <AD_Element_ID reference="id">187</AD_Element_ID>
            <IsUpdateable>N</IsUpdateable>
            <AD_Process_ID reference="id"/>
            <ValueMin/>
            <ValueMax/>
            <IsSelectionColumn>N</IsSelectionColumn>
            <ReadOnlyLogic/>
            <EntityType>FTU</EntityType>
            <IsAlwaysUpdateable>N</IsAlwaysUpdateable>
            <ColumnSQL/>
            <MandatoryLogic/>
            <IsAutocomplete>N</IsAutocomplete>
            <IsAllowLogging>Y</IsAllowLogging>
            <FormatPattern/>
            <AD_Chart_ID reference="id"/>
            <AD_Column_UU>a311ed85-6a31-4b62-bcac-faf4011d9c91</AD_Column_UU>
            <IsAllowCopy>Y</IsAllowCopy>
            <SeqNoSelection/>
            <IsToolbarButton>N</IsToolbarButton>
            <IsSecure>N</IsSecure>
            <FKConstraintName/>
            <FKConstraintType>N</FKConstraintType>
            <PA_DashboardContent_ID reference="id"/>
            <Placeholder/>
            <IsHtml>N</IsHtml>
        </AD_Column>
        <AD_Column type="table">
            <IsSyncDatabase>Y</IsSyncDatabase>
            <AD_Table_ID reference="uuid" reference-key="AD_Table">4f99eb98-8933-427d-a25f-84548b8b1739</AD_Table_ID>
            <AD_Reference_Value_ID reference="id"/>
            <AD_Client_ID>0</AD_Client_ID>
            <AD_Org_ID>0</AD_Org_ID>
            <Version>0.0</Version>
            <Name>Invoice</Name>
            <Description>Invoice Identifier</Description>
            <Help>The Invoice Document.</Help>
            <AD_Val_Rule_ID reference="id"/>
            <ColumnName>C_Invoice_ID</ColumnName>
            <DefaultValue/>
            <FieldLength>10</FieldLength>
            <IsKey>N</IsKey>
            <IsParent>N</IsParent>
            <IsMandatory>N</IsMandatory>
            <IsTranslated>N</IsTranslated>
            <IsIdentifier>N</IsIdentifier>
            <SeqNo/>
            <IsEncrypted>N</IsEncrypted>
            <AD_Reference_ID reference="id">30</AD_Reference_ID>
            <IsActive>Y</IsActive>
            <VFormat/>
            <Callout/>
            <AD_Element_ID reference="id">1008</AD_Element_ID>
            <IsUpdateable>N</IsUpdateable>
            <AD_Process_ID reference="id"/>
            <ValueMin/>
            <ValueMax/>
            <IsSelectionColumn>N</IsSelectionColumn>
            <ReadOnlyLogic/>
            <EntityType>FTU</EntityType>
            <IsAlwaysUpdateable>N</IsAlwaysUpdateable>
            <ColumnSQL/>
            <MandatoryLogic/>
            <IsAutocomplete>N</IsAutocomplete>
            <IsAllowLogging>Y</IsAllowLogging>
            <FormatPattern/>
            <AD_Chart_ID reference="id"/>
            <AD_Column_UU>2076e218-f4eb-4a63-be01-c228f7d6a040</AD_Column_UU>
            <IsAllowCopy>Y</IsAllowCopy>
            <SeqNoSelection/>
            <IsToolbarButton>N</IsToolbarButton>
            <IsSecure>N</IsSecure>
            <FKConstraintName/>
            <FKConstraintType>N</FKConstraintType>
            <PA_DashboardContent_ID reference="id"/>
            <Placeholder/>
            <IsHtml>N</IsHtml>
        </AD_Column>
        <AD_Column type="table">
            <IsSyncDatabase>Y</IsSyncDatabase>
            <AD_Table_ID reference="uuid" reference-key="AD_Table">4f99eb98-8933-427d-a25f-84548b8b1739</AD_Table_ID>
            <AD_Reference_Value_ID reference="id"/>
            <AD_Client_ID>0</AD_Client_ID>
            <AD_Org_ID>0</AD_Org_ID>
            <Version>0.0</Version>
            <Name>Account Date</Name>
            <Description>Accounting Date</Description>
            <Help>The Accounting Date indicates the date to be used on the General Ledger account entries generated from this document. It is also used for any currency conversion.</Help>
            <AD_Val_Rule_ID reference="id"/>
            <ColumnName>DateAcct</ColumnName>
            <DefaultValue/>
            <FieldLength>29</FieldLength>
            <IsKey>N</IsKey>
            <IsParent>N</IsParent>
            <IsMandatory>N</IsMandatory>
            <IsTranslated>N</IsTranslated>
            <IsIdentifier>N</IsIdentifier>
            <SeqNo/>
            <IsEncrypted>N</IsEncrypted>
            <AD_Reference_ID reference="id">15</AD_Reference_ID>
            <IsActive>Y</IsActive>
            <VFormat/>
            <Callout/>
            <AD_Element_ID reference="id">263</AD_Element_ID>
            <IsUpdateable>N</IsUpdateable>
            <AD_Process_ID reference="id"/>
            <ValueMin/>
            <ValueMax/>
            <IsSelectionColumn>N</IsSelectionColumn>
            <ReadOnlyLogic/>
            <EntityType>FTU</EntityType>
            <IsAlwaysUpdateable>N</IsAlwaysUpdateable>
            <ColumnSQL/>
            <MandatoryLogic/>
            <IsAutocomplete>N</IsAutocomplete>
            <IsAllowLogging>Y</IsAllowLogging>
            <FormatPattern/>
            <AD_Chart_ID reference="id"/>
            <AD_Column_UU>feda9267-f81f-4a73-bf93-e08cc43fac67</AD_Column_UU>
            <IsAllowCopy>Y</IsAllowCopy>
            <SeqNoSelection/>
            <IsToolbarButton>N</IsToolbarButton>
            <IsSecure>N</IsSecure>
            <FKConstraintName/>
            <FKConstraintType>N</FKConstraintType>
            <PA_DashboardContent_ID reference="id"/>
            <Placeholder/>
            <IsHtml>N</IsHtml>
        </AD_Column>
        <AD_Column type="table">
            <IsSyncDatabase>Y</IsSyncDatabase>
            <AD_Table_ID reference="uuid" reference-key="AD_Table">4f99eb98-8933-427d-a25f-84548b8b1739</AD_Table_ID>
            <AD_Reference_Value_ID reference="id"/>
            <AD_Client_ID>0</AD_Client_ID>
            <AD_Org_ID>0</AD_Org_ID>
            <Version>0.0</Version>
            <Name>Grand Total</Name>
            <Description>Total amount of document</Description>
            <Help>The Grand Total displays the total amount including Tax and Freight in document currency</Help>
            <AD_Val_Rule_ID reference="id"/>
            <ColumnName>GrandTotal</ColumnName>
            <DefaultValue/>
            <FieldLength>131089</FieldLength>
            <IsKey>N</IsKey>
            <IsParent>N</IsParent>
            <IsMandatory>N</IsMandatory>
            <IsTranslated>N</IsTranslated>
            <IsIdentifier>N</IsIdentifier>
            <SeqNo/>
            <IsEncrypted>N</IsEncrypted>
            <AD_Reference_ID reference="id">12</AD_Reference_ID>
            <IsActive>Y</IsActive>
            <VFormat/>
            <Callout/>
            <AD_Element_ID reference="id">316</AD_Element_ID>
            <IsUpdateable>N</IsUpdateable>
            <AD_Process_ID reference="id"/>
            <ValueMin/>
            <ValueMax/>
            <IsSelectionColumn>N</IsSelectionColumn>
            <ReadOnlyLogic/>
            <EntityType>FTU</EntityType>
            <IsAlwaysUpdateable>N</IsAlwaysUpdateable>
            <ColumnSQL/>
            <MandatoryLogic/>
            <IsAutocomplete>N</IsAutocomplete>
            <IsAllowLogging>Y</IsAllowLogging>
            <FormatPattern/>
            <AD_Chart_ID reference="id"/>
            <AD_Column_UU>b11fb079-3f69-4418-a790-df9c2c25282e</AD_Column_UU>
            <IsAllowCopy>Y</IsAllowCopy>
            <SeqNoSelection/>
            <IsToolbarButton>N</IsToolbarButton>
            <IsSecure>N</IsSecure>
            <FKConstraintName/>
            <FKConstraintType>N</FKConstraintType>
            <PA_DashboardContent_ID reference="id"/>
            <Placeholder/>
            <IsHtml>N</IsHtml>
        </AD_Column>
        <AD_Column type="table">
            <IsSyncDatabase>Y</IsSyncDatabase>
            <AD_Table_ID reference="uuid" reference-key="AD_Table">4f99eb98-8933-427d-a25f-84548b8b1739</AD_Table_ID>
            <AD_Reference_Value_ID reference="id"/>
            <AD_Client_ID>0</AD_Client_ID>
            <AD_Org_ID>0</AD_Org_ID>
            <Version>0.0</Version>
            <Name>Currency</Name>
            <Description>The Currency for this record</Description>
            <Help>Indicates the Currency to be used when processing or reporting on this record</Help>
            <AD_Val_Rule_ID reference="id"/>
            <ColumnName>C_Currency_ID</ColumnName>
            <DefaultValue/>
            <FieldLength>10</FieldLength>
            <IsKey>N</IsKey>
            <IsParent>N</IsParent>
            <IsMandatory>N</IsMandatory>
            <IsTranslated>N</IsTranslated>
            <IsIdentifier>N</IsIdentifier>
            <SeqNo/>
            <IsEncrypted>N</IsEncrypted>
            <AD_Reference_ID reference="id">19</AD_Reference_ID>
            <IsActive>Y</IsActive>
            <VFormat/>
            <Callout/>
            <AD_Element_ID reference="id">193</AD_Element_ID>
            <IsUpdateable>N</IsUpdateable>
            <AD_Process_ID reference="id"/>
            <ValueMin/>
            <ValueMax/>
            <IsSelectionColumn>N</IsSelectionColumn>
            <ReadOnlyLogic/>
            <EntityType>FTU</EntityType>
            <IsAlwaysUpdateable>N</IsAlwaysUpdateable>
            <ColumnSQL/>
            <MandatoryLogic/>
            <IsAutocomplete>N</IsAutocomplete>
            <IsAllowLogging>Y</IsAllowLogging>
            <FormatPattern/>
            <AD_Chart_ID reference="id"/>
            <AD_Column_UU>fa3313d3-5663-427e-b065-301b9e2e7b40</AD_Column_UU>
            <IsAllowCopy>Y</IsAllowCopy>
            <SeqNoSelection/>
            <IsToolbarButton>N</IsToolbarButton>
            <IsSecure>N</IsSecure>
            <FKConstraintName/>
            <FKConstraintType>N</FKConstraintType>
            <PA_DashboardContent_ID reference="id"/>
            <Placeholder/>
            <IsHtml>N</IsHtml>
        </AD_Column>
        <AD_Column type="table">
            <IsSyncDatabase>Y</IsSyncDatabase>
            <AD_Table_ID reference="uuid" reference-key="AD_Table">4f99eb98-8933-427d-a25f-84548b8b1739</AD_Table_ID>
            <AD_Reference_Value_ID reference="id"/>
            <AD_Client_ID>0</AD_Client_ID>
            <AD_Org_ID>0</AD_Org_ID>
            <Version>0.0</Version>
            <Name>Open Amount</Name>
            <Description>Open item amount</Description>
            <Help/>
            <AD_Val_Rule_ID reference="id"/>
            <ColumnName>OpenAmt</ColumnName>
            <DefaultValue/>
            <FieldLength>131089</FieldLength>
            <IsKey>N</IsKey>
            <IsParent>N</IsParent>
            <IsMandatory>N</IsMandatory>
            <IsTranslated>N</IsTranslated>
            <IsIdentifier>N</IsIdentifier>
            <SeqNo/>
            <IsEncrypted>N</IsEncrypted>
            <AD_Reference_ID reference="id">12</AD_Reference_ID>
            <IsActive>Y</IsActive>
            <VFormat/>
            <Callout/>
            <AD_Element_ID reference="id">1526</AD_Element_ID>
            <IsUpdateable>N</IsUpdateable>
            <AD_Process_ID reference="id"/>
            <ValueMin/>
            <ValueMax/>
            <IsSelectionColumn>N</IsSelectionColumn>
            <ReadOnlyLogic/>
            <EntityType>FTU</EntityType>
            <IsAlwaysUpdateable>N</IsAlwaysUpdateable>
            <ColumnSQL/>
            <MandatoryLogic/>
            <IsAutocomplete>N</IsAutocomplete>
            <IsAllowLogging>Y</IsAllowLogging>
            <FormatPattern/>
            <AD_Chart_ID reference="id"/>
            <AD_Column_UU>3b38d73c-f3b7-407b-a7ee-4095e9388d36</AD_Column_UU>
            <IsAllowCopy>Y</IsAllowCopy>
            <SeqNoSelection/>
            <IsToolbarButton>N</IsToolbarButton>
            <IsSecure>N</IsSecure>
            <FKConstraintName/>
            <FKConstraintType>N</FKConstraintType>
            <PA_DashboardContent_ID reference="id"/>
            <Placeholder/>
            <IsHtml>N</IsHtml>
        </AD_Column>
        <AD_Column type="table">
            <IsSyncDatabase>Y</IsSyncDatabase>
            <AD_Table_ID reference="uuid" reference-key="AD_Table">4f99eb98-8933-427d-a25f-84548b8b1739</AD_Table_ID>
            <AD_Reference_Value_ID reference="id"/>
            <AD_Client_ID>0</AD_Client_ID>
            <AD_Org_ID>0</AD_Org_ID>
            <Version>0.0</Version>
            <Name>Client</Name>
            <Description>Client/Tenant for this installation.</Description>
            <Help>A Client is a company or a legal entity. You cannot share data between Clients. Tenant is a synonym for Client.</Help>
            <AD_Val_Rule_ID reference="id">129</AD_Val_Rule_ID>
            <ColumnName>AD_Client_ID</ColumnName>
            <DefaultValue>@#AD_Client_ID@</DefaultValue>
            <FieldLength>10</FieldLength>
            <IsKey>N</IsKey>
            <IsParent>N</IsParent>
            <IsMandatory>N</IsMandatory>
            <IsTranslated>N</IsTranslated>
            <IsIdentifier>N</IsIdentifier>
            <SeqNo/>
            <IsEncrypted>N</IsEncrypted>
            <AD_Reference_ID reference="id">19</AD_Reference_ID>
            <IsActive>Y</IsActive>
            <VFormat/>
            <Callout/>
            <AD_Element_ID reference="id">102</AD_Element_ID>
            <IsUpdateable>N</IsUpdateable>
            <AD_Process_ID reference="id"/>
            <ValueMin/>
            <ValueMax/>
            <IsSelectionColumn>N</IsSelectionColumn>
            <ReadOnlyLogic/>
            <EntityType>FTU</EntityType>
            <IsAlwaysUpdateable>N</IsAlwaysUpdateable>
            <ColumnSQL/>
            <MandatoryLogic/>
            <IsAutocomplete>N</IsAutocomplete>
            <IsAllowLogging>Y</IsAllowLogging>
            <FormatPattern/>
            <AD_Chart_ID reference="id"/>
            <AD_Column_UU>b4ee7d94-12f6-4eff-ae8f-52403648b537</AD_Column_UU>
            <IsAllowCopy>Y</IsAllowCopy>
            <SeqNoSelection/>
            <IsToolbarButton>N</IsToolbarButton>
            <IsSecure>N</IsSecure>
            <FKConstraintName/>
            <FKConstraintType>D</FKConstraintType>
            <PA_DashboardContent_ID reference="id"/>
            <Placeholder/>
            <IsHtml>N</IsHtml>
        </AD_Column>
        <AD_Column type="table">
            <IsSyncDatabase>Y</IsSyncDatabase>
            <AD_Table_ID reference="uuid" reference-key="AD_Table">4f99eb98-8933-427d-a25f-84548b8b1739</AD_Table_ID>
            <AD_Reference_Value_ID reference="id"/>
            <AD_Client_ID>0</AD_Client_ID>
            <AD_Org_ID>0</AD_Org_ID>
            <Version>0.0</Version>
            <Name>Active</Name>
            <Description>The record is active in the system</Description>
            <Help>There are two methods of making records unavailable in the system: One is to delete the record, the other is to de-activate the record. A de-activated record is not available for selection, but available for reports.
There are two reasons for de-activating and not deleting records:
(1) The system requires the record for audit purposes.
(2) The record is referenced by other records. E.g., you cannot delete a Business Partner, if there are invoices for this partner record existing. You de-activate the Business Partner and prevent that this record is used for future entries.</Help>
            <AD_Val_Rule_ID reference="id"/>
            <ColumnName>IsActive</ColumnName>
            <DefaultValue>Y</DefaultValue>
            <FieldLength>2147483647</FieldLength>
            <IsKey>N</IsKey>
            <IsParent>N</IsParent>
            <IsMandatory>N</IsMandatory>
            <IsTranslated>N</IsTranslated>
            <IsIdentifier>N</IsIdentifier>
            <SeqNo/>
            <IsEncrypted>N</IsEncrypted>
            <AD_Reference_ID reference="id">20</AD_Reference_ID>
            <IsActive>Y</IsActive>
            <VFormat/>
            <Callout/>
            <AD_Element_ID reference="id">348</AD_Element_ID>
            <IsUpdateable>N</IsUpdateable>
            <AD_Process_ID reference="id"/>
            <ValueMin/>
            <ValueMax/>
            <IsSelectionColumn>N</IsSelectionColumn>
            <ReadOnlyLogic/>
            <EntityType>FTU</EntityType>
            <IsAlwaysUpdateable>N</IsAlwaysUpdateable>
            <ColumnSQL/>
            <MandatoryLogic/>
            <IsAutocomplete>N</IsAutocomplete>
            <IsAllowLogging>Y</IsAllowLogging>
            <FormatPattern/>
            <AD_Chart_ID reference="id"/>
            <AD_Column_UU>a95d80a3-af6b-46de-a700-7b3cafcd8e49</AD_Column_UU>
            <IsAllowCopy>Y</IsAllowCopy>
            <SeqNoSelection/>
            <IsToolbarButton>N</IsToolbarButton>
            <IsSecure>N</IsSecure>
            <FKConstraintName/>
            <FKConstraintType>N</FKConstraintType>
            <PA_DashboardContent_ID reference="id"/>
            <Placeholder/>
            <IsHtml>N</IsHtml>
        </AD_Column>
    </AD_Table>
    <AD_InfoWindow type="table">
        <AD_Client_ID>0</AD_Client_ID>
        <AD_Org_ID>0</AD_Org_ID>
        <IsActive>Y</IsActive>
        <Name>Generate Withholding Vouchers From Invoice</Name>
        <Description>Generate Withholding Vouchers From Invoice</Description>
        <Help/>
        <AD_Table_ID reference="uuid" reference-key="AD_Table">4f99eb98-8933-427d-a25f-84548b8b1739</AD_Table_ID>
        <EntityType>FTU</EntityType>
        <FromClause>FTU_WithholdingVoucherSrc a</FromClause>
        <OtherClause/>
        <Processing>N</Processing>
        <AD_InfoWindow_UU>da7985b5-98ec-425a-adc0-466613df5d09</AD_InfoWindow_UU>
        <WhereClause/>
        <IsDefault>N</IsDefault>
        <IsDistinct>N</IsDistinct>
        <OrderByClause/>
        <IsValid>Y</IsValid>
        <AD_CtxHelp_ID reference="id"/>
        <ImageURL/>
        <SeqNo>120</SeqNo>
        <IsShowInDashboard>Y</IsShowInDashboard>
        <MaxQueryRecords>0</MaxQueryRecords>
        <isLoadPageNum>Y</isLoadPageNum>
        <PagingSize>0</PagingSize>
        <AD_InfoWindow_Trl type="translation">
            <Help/>
            <Description>Generar Comprobante de Retenciones desde Facturas</Description>
            <Name>Generar Comprobante de Retenciones desde Facturas</Name>
            <AD_Language>es_CO</AD_Language>
            <IsActive>Y</IsActive>
            <IsTranslated>N</IsTranslated>
        </AD_InfoWindow_Trl>
        <AD_InfoColumn type="table">
            <AD_Client_ID>0</AD_Client_ID>
            <AD_Org_ID>0</AD_Org_ID>
            <IsActive>Y</IsActive>
            <Name>Business Partner </Name>
            <Description>Identifies a Business Partner</Description>
            <Help>A Business Partner is anyone with whom you transact.  This can include Vendor, Customer, Employee or Salesperson</Help>
            <AD_InfoWindow_ID reference="uuid" reference-key="AD_InfoWindow">da7985b5-98ec-425a-adc0-466613df5d09</AD_InfoWindow_ID>
            <EntityType>FTU</EntityType>
            <SelectClause>a.C_BPartner_ID</SelectClause>
            <SeqNo>10</SeqNo>
            <IsDisplayed>Y</IsDisplayed>
            <IsQueryCriteria>Y</IsQueryCriteria>
            <AD_Element_ID reference="id">187</AD_Element_ID>
            <AD_Reference_ID reference="id">30</AD_Reference_ID>
            <AD_InfoColumn_UU>0fc1d0ce-60eb-45c2-b9f8-df78d0795a72</AD_InfoColumn_UU>
            <AD_Reference_Value_ID reference="id"/>
            <AD_Val_Rule_ID reference="id"/>
            <IsCentrallyMaintained>Y</IsCentrallyMaintained>
            <DisplayLogic/>
            <ColumnName>C_BPartner_ID</ColumnName>
            <QueryOperator>=</QueryOperator>
            <QueryFunction/>
            <IsIdentifier>N</IsIdentifier>
            <SeqNoSelection>10</SeqNoSelection>
            <DefaultValue/>
            <IsMandatory>N</IsMandatory>
            <IsKey>N</IsKey>
            <IsReadOnly>Y</IsReadOnly>
            <Placeholder/>
            <InputFieldValidation/>
            <AD_FieldStyle_ID reference="id"/>
            <AD_InfoColumn_Trl type="translation">
                <Help>A Business Partner is anyone with whom you transact.  This can include Vendor, Customer, Employee or Salesperson</Help>
                <Description>Identifies a Business Partner</Description>
                <Name>Business Partner </Name>
                <Placeholder/>
                <AD_Language>es_CO</AD_Language>
                <IsActive>Y</IsActive>
                <IsTranslated>N</IsTranslated>
            </AD_InfoColumn_Trl>
        </AD_InfoColumn>
        <AD_InfoColumn type="table">
            <AD_Client_ID>0</AD_Client_ID>
            <AD_Org_ID>0</AD_Org_ID>
            <IsActive>Y</IsActive>
            <Name>Account Date</Name>
            <Description>Accounting Date</Description>
            <Help>The Accounting Date indicates the date to be used on the General Ledger account entries generated from this document. It is also used for any currency conversion.</Help>
            <AD_InfoWindow_ID reference="uuid" reference-key="AD_InfoWindow">da7985b5-98ec-425a-adc0-466613df5d09</AD_InfoWindow_ID>
            <EntityType>FTU</EntityType>
            <SelectClause>a.DateAcct</SelectClause>
            <SeqNo>20</SeqNo>
            <IsDisplayed>Y</IsDisplayed>
            <IsQueryCriteria>N</IsQueryCriteria>
            <AD_Element_ID reference="id">263</AD_Element_ID>
            <AD_Reference_ID reference="id">15</AD_Reference_ID>
            <AD_InfoColumn_UU>6c4f6572-5f84-419e-99f3-5d941bf62ed2</AD_InfoColumn_UU>
            <AD_Reference_Value_ID reference="id"/>
            <AD_Val_Rule_ID reference="id"/>
            <IsCentrallyMaintained>Y</IsCentrallyMaintained>
            <DisplayLogic/>
            <ColumnName>DateAcct</ColumnName>
            <QueryOperator/>
            <QueryFunction/>
            <IsIdentifier>N</IsIdentifier>
            <SeqNoSelection>0</SeqNoSelection>
            <DefaultValue/>
            <IsMandatory>N</IsMandatory>
            <IsKey>N</IsKey>
            <IsReadOnly>Y</IsReadOnly>
            <Placeholder/>
            <InputFieldValidation/>
            <AD_FieldStyle_ID reference="id"/>
            <AD_InfoColumn_Trl type="translation">
                <Help>The Accounting Date indicates the date to be used on the General Ledger account entries generated from this document. It is also used for any currency conversion.</Help>
                <Description>Accounting Date</Description>
                <Name>Account Date</Name>
                <Placeholder/>
                <AD_Language>es_CO</AD_Language>
                <IsActive>Y</IsActive>
                <IsTranslated>N</IsTranslated>
            </AD_InfoColumn_Trl>
        </AD_InfoColumn>
        <AD_InfoColumn type="table">
            <AD_Client_ID>0</AD_Client_ID>
            <AD_Org_ID>0</AD_Org_ID>
            <IsActive>Y</IsActive>
            <Name>Invoice</Name>
            <Description>Invoice Identifier</Description>
            <Help>The Invoice Document.</Help>
            <AD_InfoWindow_ID reference="uuid" reference-key="AD_InfoWindow">da7985b5-98ec-425a-adc0-466613df5d09</AD_InfoWindow_ID>
            <EntityType>FTU</EntityType>
            <SelectClause>a.C_Invoice_ID</SelectClause>
            <SeqNo>30</SeqNo>
            <IsDisplayed>Y</IsDisplayed>
            <IsQueryCriteria>N</IsQueryCriteria>
            <AD_Element_ID reference="id">1008</AD_Element_ID>
            <AD_Reference_ID reference="id">30</AD_Reference_ID>
            <AD_InfoColumn_UU>b9a6959e-294f-4737-ba59-4b0666c92e20</AD_InfoColumn_UU>
            <AD_Reference_Value_ID reference="id"/>
            <AD_Val_Rule_ID reference="id"/>
            <IsCentrallyMaintained>Y</IsCentrallyMaintained>
            <DisplayLogic/>
            <ColumnName>C_Invoice_ID</ColumnName>
            <QueryOperator/>
            <QueryFunction/>
            <IsIdentifier>N</IsIdentifier>
            <SeqNoSelection>0</SeqNoSelection>
            <DefaultValue/>
            <IsMandatory>N</IsMandatory>
            <IsKey>N</IsKey>
            <IsReadOnly>Y</IsReadOnly>
            <Placeholder/>
            <InputFieldValidation/>
            <AD_FieldStyle_ID reference="id"/>
            <AD_InfoColumn_Trl type="translation">
                <Help>The Invoice Document.</Help>
                <Description>Invoice Identifier</Description>
                <Name>Invoice</Name>
                <Placeholder/>
                <AD_Language>es_CO</AD_Language>
                <IsActive>Y</IsActive>
                <IsTranslated>N</IsTranslated>
            </AD_InfoColumn_Trl>
        </AD_InfoColumn>
        <AD_InfoColumn type="table">
            <AD_Client_ID>0</AD_Client_ID>
            <AD_Org_ID>0</AD_Org_ID>
            <IsActive>Y</IsActive>
            <Name>Currency</Name>
            <Description>The Currency for this record</Description>
            <Help>Indicates the Currency to be used when processing or reporting on this record</Help>
            <AD_InfoWindow_ID reference="uuid" reference-key="AD_InfoWindow">da7985b5-98ec-425a-adc0-466613df5d09</AD_InfoWindow_ID>
            <EntityType>FTU</EntityType>
            <SelectClause>a.C_Currency_ID</SelectClause>
            <SeqNo>40</SeqNo>
            <IsDisplayed>Y</IsDisplayed>
            <IsQueryCriteria>N</IsQueryCriteria>
            <AD_Element_ID reference="id">193</AD_Element_ID>
            <AD_Reference_ID reference="id">19</AD_Reference_ID>
            <AD_InfoColumn_UU>73b2e5df-59ec-4f8d-9350-a4325b379017</AD_InfoColumn_UU>
            <AD_Reference_Value_ID reference="id"/>
            <AD_Val_Rule_ID reference="id"/>
            <IsCentrallyMaintained>Y</IsCentrallyMaintained>
            <DisplayLogic/>
            <ColumnName>C_Currency_ID</ColumnName>
            <QueryOperator>=</QueryOperator>
            <QueryFunction/>
            <IsIdentifier>N</IsIdentifier>
            <SeqNoSelection>0</SeqNoSelection>
            <DefaultValue/>
            <IsMandatory>N</IsMandatory>
            <IsKey>N</IsKey>
            <IsReadOnly>Y</IsReadOnly>
            <Placeholder/>
            <InputFieldValidation/>
            <AD_FieldStyle_ID reference="id"/>
            <AD_InfoColumn_Trl type="translation">
                <Help>Indicates the Currency to be used when processing or reporting on this record</Help>
                <Description>The Currency for this record</Description>
                <Name>Currency</Name>
                <Placeholder/>
                <AD_Language>es_CO</AD_Language>
                <IsActive>Y</IsActive>
                <IsTranslated>N</IsTranslated>
            </AD_InfoColumn_Trl>
        </AD_InfoColumn>
        <AD_InfoColumn type="table">
            <AD_Client_ID>0</AD_Client_ID>
            <AD_Org_ID>0</AD_Org_ID>
            <IsActive>Y</IsActive>
            <Name>Grand Total</Name>
            <Description>Total amount of document</Description>
            <Help>The Grand Total displays the total amount including Tax and Freight in document currency</Help>
            <AD_InfoWindow_ID reference="uuid" reference-key="AD_InfoWindow">da7985b5-98ec-425a-adc0-466613df5d09</AD_InfoWindow_ID>
            <EntityType>FTU</EntityType>
            <SelectClause>a.GrandTotal</SelectClause>
            <SeqNo>50</SeqNo>
            <IsDisplayed>Y</IsDisplayed>
            <IsQueryCriteria>N</IsQueryCriteria>
            <AD_Element_ID reference="id">316</AD_Element_ID>
            <AD_Reference_ID reference="id">12</AD_Reference_ID>
            <AD_InfoColumn_UU>9df1ca05-757c-468a-8658-f28164e722b1</AD_InfoColumn_UU>
            <AD_Reference_Value_ID reference="id"/>
            <AD_Val_Rule_ID reference="id"/>
            <IsCentrallyMaintained>Y</IsCentrallyMaintained>
            <DisplayLogic/>
            <ColumnName>GrandTotal</ColumnName>
            <QueryOperator/>
            <QueryFunction/>
            <IsIdentifier>N</IsIdentifier>
            <SeqNoSelection>0</SeqNoSelection>
            <DefaultValue/>
            <IsMandatory>N</IsMandatory>
            <IsKey>N</IsKey>
            <IsReadOnly>Y</IsReadOnly>
            <Placeholder/>
            <InputFieldValidation/>
            <AD_FieldStyle_ID reference="id"/>
            <AD_InfoColumn_Trl type="translation">
                <Help>The Grand Total displays the total amount including Tax and Freight in document currency</Help>
                <Description>Total amount of document</Description>
                <Name>Grand Total</Name>
                <Placeholder/>
                <AD_Language>es_CO</AD_Language>
                <IsActive>Y</IsActive>
                <IsTranslated>N</IsTranslated>
            </AD_InfoColumn_Trl>
        </AD_InfoColumn>
        <AD_InfoColumn type="table">
            <AD_Client_ID>0</AD_Client_ID>
            <AD_Org_ID>0</AD_Org_ID>
            <IsActive>Y</IsActive>
            <Name>Open Amount</Name>
            <Description>Open item amount</Description>
            <Help/>
            <AD_InfoWindow_ID reference="uuid" reference-key="AD_InfoWindow">da7985b5-98ec-425a-adc0-466613df5d09</AD_InfoWindow_ID>
            <EntityType>FTU</EntityType>
            <SelectClause>a.OpenAmt</SelectClause>
            <SeqNo>60</SeqNo>
            <IsDisplayed>Y</IsDisplayed>
            <IsQueryCriteria>N</IsQueryCriteria>
            <AD_Element_ID reference="id">1526</AD_Element_ID>
            <AD_Reference_ID reference="id">12</AD_Reference_ID>
            <AD_InfoColumn_UU>4d99b97f-c033-403d-8d2e-fb822a2ff9e6</AD_InfoColumn_UU>
            <AD_Reference_Value_ID reference="id"/>
            <AD_Val_Rule_ID reference="id"/>
            <IsCentrallyMaintained>Y</IsCentrallyMaintained>
            <DisplayLogic/>
            <ColumnName>OpenAmt</ColumnName>
            <QueryOperator>=</QueryOperator>
            <QueryFunction/>
            <IsIdentifier>N</IsIdentifier>
            <SeqNoSelection>0</SeqNoSelection>
            <DefaultValue/>
            <IsMandatory>N</IsMandatory>
            <IsKey>N</IsKey>
            <IsReadOnly>Y</IsReadOnly>
            <Placeholder/>
            <InputFieldValidation/>
            <AD_FieldStyle_ID reference="id"/>
            <AD_InfoColumn_Trl type="translation">
                <Help/>
                <Description>Open item amount</Description>
                <Name>Open Amount</Name>
                <Placeholder/>
                <AD_Language>es_CO</AD_Language>
                <IsActive>Y</IsActive>
                <IsTranslated>N</IsTranslated>
            </AD_InfoColumn_Trl>
        </AD_InfoColumn>
        <AD_InfoColumn type="table">
            <AD_Client_ID>0</AD_Client_ID>
            <AD_Org_ID>0</AD_Org_ID>
            <IsActive>Y</IsActive>
            <Name>Withholding Type</Name>
            <Description/>
            <Help/>
            <AD_InfoWindow_ID reference="uuid" reference-key="AD_InfoWindow">da7985b5-98ec-425a-adc0-466613df5d09</AD_InfoWindow_ID>
            <EntityType>FTU</EntityType>
            <SelectClause>a.LCO_WithholdingType_ID</SelectClause>
            <SeqNo>70</SeqNo>
            <IsDisplayed>N</IsDisplayed>
            <IsQueryCriteria>Y</IsQueryCriteria>
            <AD_Element_ID reference="uuid" reference-key="AD_Element">a5bcdc79-6e3e-470a-9e9c-2947e64ca9f2</AD_Element_ID>
            <AD_Reference_ID reference="id">19</AD_Reference_ID>
            <AD_InfoColumn_UU>a84e0ea9-43c4-45e6-9a52-7d6cbb4275f6</AD_InfoColumn_UU>
            <AD_Reference_Value_ID reference="id"/>
            <AD_Val_Rule_ID reference="id"/>
            <IsCentrallyMaintained>Y</IsCentrallyMaintained>
            <DisplayLogic/>
            <ColumnName>LCO_WithholdingType_ID</ColumnName>
            <QueryOperator>=</QueryOperator>
            <QueryFunction/>
            <IsIdentifier>N</IsIdentifier>
            <SeqNoSelection>5</SeqNoSelection>
            <DefaultValue/>
            <IsMandatory>Y</IsMandatory>
            <IsKey>N</IsKey>
            <IsReadOnly>Y</IsReadOnly>
            <Placeholder/>
            <InputFieldValidation/>
            <AD_FieldStyle_ID reference="id"/>
            <AD_InfoColumn_Trl type="translation">
                <Help/>
                <Description/>
                <Name>Withholding Type</Name>
                <Placeholder/>
                <AD_Language>es_CO</AD_Language>
                <IsActive>Y</IsActive>
                <IsTranslated>N</IsTranslated>
            </AD_InfoColumn_Trl>
        </AD_InfoColumn>
        <AD_InfoColumn type="table">
            <AD_Client_ID>0</AD_Client_ID>
            <AD_Org_ID>0</AD_Org_ID>
            <IsActive>Y</IsActive>
            <Name>Organization</Name>
            <Description>Organizational entity within client</Description>
            <Help>An organization is a unit of your client or legal entity - examples are store, department. You can share data between organizations.</Help>
            <AD_InfoWindow_ID reference="uuid" reference-key="AD_InfoWindow">da7985b5-98ec-425a-adc0-466613df5d09</AD_InfoWindow_ID>
            <EntityType>FTU</EntityType>
            <SelectClause>a.AD_Org_ID</SelectClause>
            <SeqNo>5</SeqNo>
            <IsDisplayed>Y</IsDisplayed>
            <IsQueryCriteria>Y</IsQueryCriteria>
            <AD_Element_ID reference="id">113</AD_Element_ID>
            <AD_Reference_ID reference="id">19</AD_Reference_ID>
            <AD_InfoColumn_UU>6cc2329f-f475-44e2-b26f-2734c3035c30</AD_InfoColumn_UU>
            <AD_Reference_Value_ID reference="id"/>
            <AD_Val_Rule_ID reference="id">104</AD_Val_Rule_ID>
            <IsCentrallyMaintained>Y</IsCentrallyMaintained>
            <DisplayLogic/>
            <ColumnName>AD_Org_ID</ColumnName>
            <QueryOperator>=</QueryOperator>
            <QueryFunction/>
            <IsIdentifier>N</IsIdentifier>
            <SeqNoSelection>7</SeqNoSelection>
            <DefaultValue/>
            <IsMandatory>N</IsMandatory>
            <IsKey>N</IsKey>
            <IsReadOnly>Y</IsReadOnly>
            <Placeholder/>
            <InputFieldValidation/>
            <AD_FieldStyle_ID reference="id"/>
            <AD_InfoColumn_Trl type="translation">
                <Help>An organization is a unit of your client or legal entity - examples are store, department. You can share data between organizations.</Help>
                <Description>Organizational entity within client</Description>
                <Name>Organization</Name>
                <Placeholder/>
                <AD_Language>es_CO</AD_Language>
                <IsActive>Y</IsActive>
                <IsTranslated>N</IsTranslated>
            </AD_InfoColumn_Trl>
        </AD_InfoColumn>
        <AD_InfoColumn type="table">
            <AD_Client_ID>0</AD_Client_ID>
            <AD_Org_ID>0</AD_Org_ID>
            <IsActive>Y</IsActive>
            <Name>FTU_WithholdingVoucherSrc</Name>
            <Description/>
            <Help/>
            <AD_InfoWindow_ID reference="uuid" reference-key="AD_InfoWindow">da7985b5-98ec-425a-adc0-466613df5d09</AD_InfoWindow_ID>
            <EntityType>FTU</EntityType>
            <SelectClause>a.FTU_WithholdingVoucherSrc_ID</SelectClause>
            <SeqNo>80</SeqNo>
            <IsDisplayed>N</IsDisplayed>
            <IsQueryCriteria>N</IsQueryCriteria>
            <AD_Element_ID reference="uuid" reference-key="AD_Element">ed1935bc-87a8-4692-859f-ff0468111978</AD_Element_ID>
            <AD_Reference_ID reference="id">19</AD_Reference_ID>
            <AD_InfoColumn_UU>415be228-b7e3-4e89-9b71-734de3c13db5</AD_InfoColumn_UU>
            <AD_Reference_Value_ID reference="id"/>
            <AD_Val_Rule_ID reference="id"/>
            <IsCentrallyMaintained>Y</IsCentrallyMaintained>
            <DisplayLogic/>
            <ColumnName>FTU_WithholdingVoucherSrc_ID</ColumnName>
            <QueryOperator>=</QueryOperator>
            <QueryFunction/>
            <IsIdentifier>N</IsIdentifier>
            <SeqNoSelection>0</SeqNoSelection>
            <DefaultValue/>
            <IsMandatory>N</IsMandatory>
            <IsKey>N</IsKey>
            <IsReadOnly>Y</IsReadOnly>
            <Placeholder/>
            <InputFieldValidation/>
            <AD_FieldStyle_ID reference="id"/>
            <AD_InfoColumn_Trl type="translation">
                <Help/>
                <Description/>
                <Name>FTU_WithholdingVoucherSrc</Name>
                <Placeholder/>
                <AD_Language>es_CO</AD_Language>
                <IsActive>Y</IsActive>
                <IsTranslated>N</IsTranslated>
            </AD_InfoColumn_Trl>
        </AD_InfoColumn>
        <AD_Process type="table">
            <AD_Client_ID>0</AD_Client_ID>
            <AD_Org_ID>0</AD_Org_ID>
            <IsActive>Y</IsActive>
            <Name>GenerateWithholdingVouchersFromInvoice</Name>
            <Description/>
            <Help/>
            <ProcedureName/>
            <IsReport>N</IsReport>
            <Value>FTU_GenerateWithholdingVouchersFromInv</Value>
            <IsDirectPrint>N</IsDirectPrint>
            <AD_ReportView_ID reference="id"/>
            <Classname>ve.net.dcs.process.FTU_GenerateWithholdingVouchersFromInvoice</Classname>
            <AccessLevel>3</AccessLevel>
            <EntityType>FTU</EntityType>
            <Statistic_Count>6</Statistic_Count>
            <Statistic_Seconds>370</Statistic_Seconds>
            <AD_PrintFormat_ID reference="id"/>
            <WorkflowValue/>
            <AD_Workflow_ID reference="id"/>
            <IsBetaFunctionality>N</IsBetaFunctionality>
            <IsServerProcess>N</IsServerProcess>
            <ShowHelp>Y</ShowHelp>
            <JasperReport/>
            <AD_Form_ID reference="id"/>
            <CopyFromProcess>N</CopyFromProcess>
            <AD_Process_UU>be0a0b45-fc50-417d-87a0-fe687058d507</AD_Process_UU>
            <AD_CtxHelp_ID reference="id"/>
            <ExecutionType/>
            <AllowMultipleExecution>P</AllowMultipleExecution>
            <AD_Process_Trl type="translation">
                <Help/>
                <Description/>
                <Name>Generar Comprobantes de Retenciones</Name>
                <AD_Language>es_CO</AD_Language>
                <IsActive>Y</IsActive>
                <IsTranslated>N</IsTranslated>
            </AD_Process_Trl>
            <AD_Process_Para type="table">
                <AD_Client_ID>0</AD_Client_ID>
                <AD_Org_ID>0</AD_Org_ID>
                <IsActive>Y</IsActive>
                <Name>Document Action</Name>
                <Description>The targeted status of the document</Description>
                <Help>You find the current status in the Document Status field. The options are listed in a popup</Help>
                <AD_Process_ID reference="uuid" reference-key="AD_Process">be0a0b45-fc50-417d-87a0-fe687058d507</AD_Process_ID>
                <SeqNo>40</SeqNo>
                <AD_Reference_ID reference="id">17</AD_Reference_ID>
                <AD_Reference_Value_ID reference="uuid" reference-key="AD_Reference">2daa86d3-da2e-4e1e-b5d4-83181a9576a5</AD_Reference_Value_ID>
                <IsRange>N</IsRange>
                <AD_Val_Rule_ID reference="id"/>
                <FieldLength>0</FieldLength>
                <IsMandatory>Y</IsMandatory>
                <DefaultValue>CO</DefaultValue>
                <VFormat/>
                <ValueMin/>
                <ValueMax/>
                <ColumnName>DocAction</ColumnName>
                <DefaultValue2/>
                <IsCentrallyMaintained>Y</IsCentrallyMaintained>
                <EntityType>FTU</EntityType>
                <AD_Element_ID reference="id">287</AD_Element_ID>
                <ReadOnlyLogic/>
                <DisplayLogic/>
                <AD_Process_Para_UU>48d8da91-8a54-4ff5-8931-231679c640ca</AD_Process_Para_UU>
                <IsEncrypted>N</IsEncrypted>
                <MandatoryLogic/>
                <Placeholder/>
                <Placeholder2/>
                <AD_Process_Para_Trl type="translation">
                    <Help>Usted encuentra el estado actual en el campo Estado del Documento. Las opciones son listadas en una ventana emergente</Help>
                    <Name>Acción</Name>
                    <Description>El estado destino del documento</Description>
                    <Placeholder/>
                    <Placeholder2/>
                    <AD_Language>es_CO</AD_Language>
                    <IsActive>Y</IsActive>
                    <IsTranslated>Y</IsTranslated>
                </AD_Process_Para_Trl>
            </AD_Process_Para>
            <AD_Process_Para type="table">
                <AD_Client_ID>0</AD_Client_ID>
                <AD_Org_ID>0</AD_Org_ID>
                <IsActive>Y</IsActive>
                <Name>Currency Type</Name>
                <Description>Currency Conversion Rate Type</Description>
                <Help>The Currency Conversion Rate Type lets you define different type of rates, e.g. Spot, Corporate and/or Sell/Buy rates.</Help>
                <AD_Process_ID reference="uuid" reference-key="AD_Process">be0a0b45-fc50-417d-87a0-fe687058d507</AD_Process_ID>
                <SeqNo>19</SeqNo>
                <AD_Reference_ID reference="id">19</AD_Reference_ID>
                <AD_Reference_Value_ID reference="id"/>
                <IsRange>N</IsRange>
                <AD_Val_Rule_ID reference="id"/>
                <FieldLength>0</FieldLength>
                <IsMandatory>Y</IsMandatory>
                <DefaultValue/>
                <VFormat/>
                <ValueMin/>
                <ValueMax/>
                <ColumnName>C_ConversionType_ID</ColumnName>
                <DefaultValue2/>
                <IsCentrallyMaintained>Y</IsCentrallyMaintained>
                <EntityType>FTU</EntityType>
                <AD_Element_ID reference="id">2278</AD_Element_ID>
                <ReadOnlyLogic/>
                <DisplayLogic/>
                <AD_Process_Para_UU>d3626c9b-c914-43e4-b679-40c61524ac6a</AD_Process_Para_UU>
                <IsEncrypted>N</IsEncrypted>
                <MandatoryLogic/>
                <Placeholder/>
                <Placeholder2/>
                <AD_Process_Para_Trl type="translation">
                    <Help>El tipo del índice de conversión de monedas le deja definir diversos tipos de tarifas, tarifas ej. del punto, corporativas y/o de Ventas/Compras.</Help>
                    <Name>Tipo de Conversión</Name>
                    <Description>Tipo de índice de conversión de moneda</Description>
                    <Placeholder/>
                    <Placeholder2/>
                    <AD_Language>es_CO</AD_Language>
                    <IsActive>Y</IsActive>
                    <IsTranslated>Y</IsTranslated>
                </AD_Process_Para_Trl>
            </AD_Process_Para>
            <AD_Process_Para type="table">
                <AD_Client_ID>0</AD_Client_ID>
                <AD_Org_ID>0</AD_Org_ID>
                <IsActive>Y</IsActive>
                <Name>Currency</Name>
                <Description>The Currency for this record</Description>
                <Help>Indicates the Currency to be used when processing or reporting on this record</Help>
                <AD_Process_ID reference="uuid" reference-key="AD_Process">be0a0b45-fc50-417d-87a0-fe687058d507</AD_Process_ID>
                <SeqNo>17</SeqNo>
                <AD_Reference_ID reference="id">19</AD_Reference_ID>
                <AD_Reference_Value_ID reference="id"/>
                <IsRange>N</IsRange>
                <AD_Val_Rule_ID reference="id"/>
                <FieldLength>0</FieldLength>
                <IsMandatory>Y</IsMandatory>
                <DefaultValue>@$C_Currency_ID@</DefaultValue>
                <VFormat/>
                <ValueMin/>
                <ValueMax/>
                <ColumnName>C_Currency_ID</ColumnName>
                <DefaultValue2/>
                <IsCentrallyMaintained>Y</IsCentrallyMaintained>
                <EntityType>FTU</EntityType>
                <AD_Element_ID reference="id">193</AD_Element_ID>
                <ReadOnlyLogic/>
                <DisplayLogic/>
                <AD_Process_Para_UU>4510f4c4-e718-452e-87f2-6d87b2945e0d</AD_Process_Para_UU>
                <IsEncrypted>N</IsEncrypted>
                <MandatoryLogic/>
                <Placeholder/>
                <Placeholder2/>
                <AD_Process_Para_Trl type="translation">
                    <Help>Indica la moneda a ser usada cuando se procese o Informe este registro</Help>
                    <Name>Moneda</Name>
                    <Description>Moneda para este registro</Description>
                    <Placeholder/>
                    <Placeholder2/>
                    <AD_Language>es_CO</AD_Language>
                    <IsActive>Y</IsActive>
                    <IsTranslated>Y</IsTranslated>
                </AD_Process_Para_Trl>
            </AD_Process_Para>
            <AD_Process_Para type="table">
                <AD_Client_ID>0</AD_Client_ID>
                <AD_Org_ID>0</AD_Org_ID>
                <IsActive>Y</IsActive>
                <Name>Document Date</Name>
                <Description>Date of the Document</Description>
                <Help>The Document Date indicates the date the document was generated.  It may or may not be the same as the accounting date.</Help>
                <AD_Process_ID reference="uuid" reference-key="AD_Process">be0a0b45-fc50-417d-87a0-fe687058d507</AD_Process_ID>
                <SeqNo>10</SeqNo>
                <AD_Reference_ID reference="id">15</AD_Reference_ID>
                <AD_Reference_Value_ID reference="id"/>
                <IsRange>N</IsRange>
                <AD_Val_Rule_ID reference="id"/>
                <FieldLength>0</FieldLength>
                <IsMandatory>Y</IsMandatory>
                <DefaultValue>@#Date@</DefaultValue>
                <VFormat/>
                <ValueMin/>
                <ValueMax/>
                <ColumnName>DateDoc</ColumnName>
                <DefaultValue2/>
                <IsCentrallyMaintained>Y</IsCentrallyMaintained>
                <EntityType>FTU</EntityType>
                <AD_Element_ID reference="id">265</AD_Element_ID>
                <ReadOnlyLogic/>
                <DisplayLogic/>
                <AD_Process_Para_UU>4768c353-41db-4244-a980-a29cbbe2506f</AD_Process_Para_UU>
                <IsEncrypted>N</IsEncrypted>
                <MandatoryLogic/>
                <Placeholder/>
                <Placeholder2/>
                <AD_Process_Para_Trl type="translation">
                    <Help>La fecha del documento indica la fecha en que el documento fue generado. Puede o no ser la misma que la fecha contable.</Help>
                    <Name>Fecha Documento</Name>
                    <Description>Fecha del documento</Description>
                    <Placeholder/>
                    <Placeholder2/>
                    <AD_Language>es_CO</AD_Language>
                    <IsActive>Y</IsActive>
                    <IsTranslated>Y</IsTranslated>
                </AD_Process_Para_Trl>
            </AD_Process_Para>
            <AD_Process_Para type="table">
                <AD_Client_ID>0</AD_Client_ID>
                <AD_Org_ID>0</AD_Org_ID>
                <IsActive>Y</IsActive>
                <Name>Withholding Type</Name>
                <Description/>
                <Help/>
                <AD_Process_ID reference="uuid" reference-key="AD_Process">be0a0b45-fc50-417d-87a0-fe687058d507</AD_Process_ID>
                <SeqNo>5</SeqNo>
                <AD_Reference_ID reference="id">19</AD_Reference_ID>
                <AD_Reference_Value_ID reference="id"/>
                <IsRange>N</IsRange>
                <AD_Val_Rule_ID reference="id"/>
                <FieldLength>10</FieldLength>
                <IsMandatory>Y</IsMandatory>
                <DefaultValue>@LCO_WithholdingType_ID@</DefaultValue>
                <VFormat/>
                <ValueMin/>
                <ValueMax/>
                <ColumnName>LCO_WithholdingType_ID</ColumnName>
                <DefaultValue2/>
                <IsCentrallyMaintained>Y</IsCentrallyMaintained>
                <EntityType>FTU</EntityType>
                <AD_Element_ID reference="uuid" reference-key="AD_Element">a5bcdc79-6e3e-470a-9e9c-2947e64ca9f2</AD_Element_ID>
                <ReadOnlyLogic/>
                <DisplayLogic/>
                <AD_Process_Para_UU>10cc0cc5-1a40-409e-839a-6a60aa834bb7</AD_Process_Para_UU>
                <IsEncrypted>N</IsEncrypted>
                <MandatoryLogic/>
                <Placeholder/>
                <Placeholder2/>
                <AD_Process_Para_Trl type="translation">
                    <Help/>
                    <Name>Tipo Retención</Name>
                    <Description/>
                    <Placeholder/>
                    <Placeholder2/>
                    <AD_Language>es_CO</AD_Language>
                    <IsActive>Y</IsActive>
                    <IsTranslated>Y</IsTranslated>
                </AD_Process_Para_Trl>
            </AD_Process_Para>
        </AD_Process>
        <AD_InfoProcess type="table">
            <AD_Client_ID>0</AD_Client_ID>
            <AD_Org_ID>0</AD_Org_ID>
            <AD_InfoProcess_UU>625d7cbb-6e6e-4d32-8af9-15e6c5598320</AD_InfoProcess_UU>
            <IsActive>Y</IsActive>
            <ImageURL/>
            <SeqNo>10</SeqNo>
            <AD_Process_ID reference="uuid" reference-key="AD_Process">be0a0b45-fc50-417d-87a0-fe687058d507</AD_Process_ID>
            <AD_InfoWindow_ID reference="uuid" reference-key="AD_InfoWindow">da7985b5-98ec-425a-adc0-466613df5d09</AD_InfoWindow_ID>
            <LayoutType>B</LayoutType>
            <DisplayLogic/>
            <AD_InfoColumn_ID reference="uuid" reference-key="AD_InfoColumn">b9a6959e-294f-4737-ba59-4b0666c92e20</AD_InfoColumn_ID>
            <EntityType>FTU</EntityType>
        </AD_InfoProcess>
    </AD_InfoWindow>
</idempiere>
